rank,points,firstName,lastName,team,photo
1,335,Max,Verstappen,Red Bull Racing,https://www.formula1.com/content/dam/fom-website/drivers/M/MAXVER01_Max_Verstappen/maxver01.png.transform/2col/image.png
2,219,Charles,Leclerc,Ferrari,https://www.formula1.com/content/dam/fom-website/drivers/C/CHALEC01_Charles_Leclerc/chalec01.png.transform/2col/image.png
3,210,Sergio,Perez,Red Bull Racing,https://www.formula1.com/content/dam/fom-website/drivers/S/SERPER01_Sergio_Perez/serper01.png.transform/2col/image.png
4,203,George,Russell,Mercedes,https://www.formula1.com/content/dam/fom-website/drivers/G/GEORUS01_George_Russell/georus01.png.transform/2col/image.png
5,187,Carlos,Sainz,Ferrari,https://www.formula1.com/content/dam/fom-website/drivers/C/CARSAI01_Carlos_Sainz/carsai01.png.transform/2col/image.png
6,168,Lewis,Hamilton,Mercedes,https://www.formula1.com/content/dam/fom-website/drivers/L/LEWHAM01_Lewis_Hamilton/lewham01.png.transform/2col/image.png
7,88,Lando,Norris,McLaren,https://www.formula1.com/content/dam/fom-website/drivers/L/LANNOR01_Lando_Norris/lannor01.png.transform/2col/image.png
8,66,Esteban,Ocon,Alpine,https://www.formula1.com/content/dam/fom-website/drivers/E/ESTOCO01_Esteban_Ocon/estoco01.png.transform/2col/image.png
9,59,Fernando,Alonso,Alpine,https://www.formula1.com/content/dam/fom-website/drivers/F/FERALO01_Fernando_Alonso/feralo01.png.transform/2col/image.png
10,46,Valtteri,Bottas,Alfa Romeo,https://www.formula1.com/content/dam/fom-website/drivers/V/VALBOT01_Valtteri_Bottas/valbot01.png.transform/2col/image.png
11,22,Pierre,Gasly,AlphaTauri,https://www.formula1.com/content/dam/fom-website/drivers/P/PIEGAS01_Pierre_Gasly/piegas01.png.transform/2col/image.png
12,22,Kevin,Magnussen,Haas F1 Team,https://www.formula1.com/content/dam/fom-website/drivers/K/KEVMAG01_Kevin_Magnussen/kevmag01.png.transform/2col/image.png
13,20,Sebastian,Vettel,Aston Martin,https://www.formula1.com/content/dam/fom-website/drivers/S/SEBVET01_Sebastian_Vettel/sebvet01.png.transform/2col/image.png
14,19,Daniel,Ricciardo,McLaren,https://www.formula1.com/content/dam/fom-website/drivers/D/DANRIC01_Daniel_Ricciardo/danric01.png.transform/2col/image.png
15,12,Mick,Schumacher,Haas F1 Team,https://www.formula1.com/content/dam/fom-website/drivers/M/MICSCH02_Mick_Schumacher/micsch02.png.transform/2col/image.png
16,11,Yuki,Tsunoda,AlphaTauri,https://www.formula1.com/content/dam/fom-website/drivers/Y/YUKTSU01_Yuki_Tsunoda/yuktsu01.png.transform/2col/image.png
17,6,Guanyu,Zhou,Alfa Romeo,https://www.formula1.com/content/dam/fom-website/drivers/G/GUAZHO01_Guanyu_Zhou/guazho01.png.transform/2col/image.png
18,5,Lance,Stroll,Aston Martin,https://www.formula1.com/content/dam/fom-website/drivers/L/LANSTR01_Lance_Stroll/lanstr01.png.transform/2col/image.png
19,4,Alexander,Albon,Williams,https://www.formula1.com/content/dam/fom-website/drivers/A/ALEALB01_Alexander_Albon/alealb01.png.transform/2col/image.png
20,2,Nyck,De Vries,Williams,https://www.formula1.com/content/dam/fom-website/drivers/N/NYCDEV01_Nyck_De%20Vries/nycdev01.png.transform/2col/image.png
21,0,Nicholas,Latifi,Williams,https://www.formula1.com/content/dam/fom-website/drivers/N/NICLAF01_Nicholas_Latifi/niclaf01.png.transform/2col/image.png
22,0,Nico,Hulkenberg,Aston Martin,https://www.formula1.com/content/dam/fom-website/drivers/N/NICHUL01_Nico_Hulkenberg/nichul01.png.transform/2col/image.png